Регион,Клиенты_брокеры,Активы_брокеры_тыс_руб,Клиенты_ДУ,Активы_ДУ_тыс_руб,Дата_отчета,Квартал,Год,Номер_квартала,Исходный_файл,ul_total,ip_total,ЮЛ_ИП_всего,population,активы_млрд_руб,клиентов_на_1000_ЮЛ_ИП,клиентов_на_10000_населения,активов_на_душу_руб,доля_в_РФ_%,охват_населения_pct,активы_на_клиента_брокера_тыс,активы_на_клиента_ду_тыс,доля_ду_в_клиентах_pct,доля_активов_ду_pct,активы_на_1000_юл_ип_тыс
ДАЛЬНЕВОСТОЧНЫЙ ФЕДЕРАЛЬНЫЙ ОКРУГ,893673.0,235234298.52408,24232.0,32679210.72743,30-09-2021,Q3-2021,2021,3,client_assets_3_2021.xlsx,535906,580884,1116790,7988252.0,235.23,800.22,1149.07,33538.44,5.22,82.19,263.22,1348.6,2.64,12.2,239896.05
ДАЛЬНЕВОСТОЧНЫЙ ФЕДЕРАЛЬНЫЙ ОКРУГ,1065966.0,247970898.3345,38758.0,34419901.2831,31-12-2021,Q4-2021,2021,4,client_assets_4_2021.xlsx,529971,592188,1122159,7988252.0,247.97,949.92,1382.94,35350.76,5.29,98.45,232.63,888.07,3.51,12.19,251649.54
ДАЛЬНЕВОСТОЧНЫЙ ФЕДЕРАЛЬНЫЙ ОКРУГ,1223939.0,196222047.00908,41687.0,32949284.4113,31-03-2022,Q1-2022,2022,1,client_assets_1_2022.xlsx,519983,597128,1117111,8124000.0,196.22,1095.63,1557.89,28209.17,5.29,113.29,160.32,790.4,3.29,14.38,205146.43
ДАЛЬНЕВОСТОЧНЫЙ ФЕДЕРАЛЬНЫЙ ОКРУГ,1353215.0,171022288.46906,42449.0,27092966.1825,30-06-2022,Q2-2022,2022,2,client_assets_2_2022.xlsx,518933,601835,1120768,8124000.0,171.02,1207.4,1717.95,24386.42,5.29,124.53,126.38,638.25,3.04,13.68,176767.41
ДАЛЬНЕВОСТОЧНЫЙ ФЕДЕРАЛЬНЫЙ ОКРУГ,1451206.0,174999486.306044,42765.0,26067874.70814,30-09-2022,Q3-2022,2022,3,client_assets_3_2022.xlsx,518205,606543,1124748,8124000.0,175.0,1290.25,1838.96,24749.8,5.32,132.83,120.59,609.56,2.86,12.96,178766.59
ДАЛЬНЕВОСТОЧНЫЙ ФЕДЕРАЛЬНЫЙ ОКРУГ,1555029.0,233002312.398395,42263.0,29504689.7313,31-12-2022,Q4-2022,2022,4,client_assets_4_2022.xlsx,516620,607901,1124521,8124000.0,233.0,1382.84,1966.14,32312.53,5.34,142.04,149.84,698.12,2.65,11.24,233438.95
ДАЛЬНЕВОСТОЧНЫЙ ФЕДЕРАЛЬНЫЙ ОКРУГ,1662901.0,340973524.556021,41400.0,30113852.01163,31-03-2023,Q1-2023,2023,1,client_assets_1_2023.xlsx,518159,608376,1126535,7866300.0,340.97,1476.12,2166.59,47174.32,5.36,151.29,205.05,727.39,2.43,8.12,329405.99
ДАЛЬНЕВОСТОЧНЫЙ ФЕДЕРАЛЬНЫЙ ОКРУГ,1798118.0,387908108.160199,40992.0,32949908.2871,30-06-2023,Q2-2023,2023,2,client_assets_2_2023.xlsx,521977,621865,1143842,7866300.0,387.91,1572.0,2337.96,53501.39,5.42,160.78,215.73,803.81,2.23,7.83,367933.7
ДАЛЬНЕВОСТОЧНЫЙ ФЕДЕРАЛЬНЫЙ ОКРУГ,1925621.0,373209008.02604,40745.0,36502130.01769,30-09-2023,Q3-2023,2023,3,client_assets_3_2023.xlsx,521915,634145,1156060,7866300.0,373.21,1665.68,2499.73,52084.35,5.43,170.09,193.81,895.87,2.07,8.91,354403.01
ДАЛЬНЕВОСТОЧНЫЙ ФЕДЕРАЛЬНЫЙ ОКРУГ,2114093.0,373822504.54709,40289.0,36631517.7002,31-12-2023,Q4-2023,2023,4,client_assets_4_2023.xlsx,517354,643307,1160661,7866300.0,373.82,1821.46,2738.75,52178.79,5.43,185.62,176.82,909.22,1.87,8.92,353638.16
ДАЛЬНЕВОСТОЧНЫЙ ФЕДЕРАЛЬНЫЙ ОКРУГ,2226727.0,281780511.50078,39542.0,36876902.27244,31-03-2024,Q1-2024,2024,1,client_assets_1_2024.xlsx,516347,649550,1165897,7866300.0,281.78,1909.88,2880.98,40509.19,5.46,194.38,126.54,932.6,1.74,11.57,273315.24
ДАЛЬНЕВОСТОЧНЫЙ ФЕДЕРАЛЬНЫЙ ОКРУГ,2336649.0,262918795.82837996,39177.0,37831778.883989975,30-06-2024,Q2-2024,2024,2,client_assets_2_2024.xlsx,516230,663444,1179674,7866300.0,262.92,1980.76,3020.26,38232.79,5.48,201.4,112.52,965.66,1.65,12.58,254943.8
ДАЛЬНЕВОСТОЧНЫЙ ФЕДЕРАЛЬНЫЙ ОКРУГ,2476039.0,257067033.52996004,38914.0,40945546.80031999,30-09-2024,Q3-2024,2024,3,client_assets_3_2024.xlsx,513686,676472,1190158,7866300.0,257.07,2080.43,3197.12,37884.72,5.51,211.31,103.82,1052.21,1.55,13.74,250397.49
ДАЛЬНЕВОСТОЧНЫЙ ФЕДЕРАЛЬНЫЙ ОКРУГ,2613498.0,254557546.74833,38076.0,44359462.88329,31-12-2024,Q4-2024,2024,4,client_assets_4_2024.xlsx,514380,688315,1202695,7866300.0,254.56,2173.03,3370.8,37999.7,5.54,220.47,97.4,1165.02,1.44,14.84,248539.33
ДАЛЬНЕВОСТОЧНЫЙ ФЕДЕРАЛЬНЫЙ ОКРУГ,2722188.0,279467396.17949,37266.0,43255596.00124001,31-03-2025,Q1-2025,2025,1,client_assets_1_2025.xlsx,512463,693685,1206148,7988252.0,279.47,2256.93,3454.39,40399.7,5.57,228.78,102.66,1160.73,1.35,13.4,267565.0
ДАЛЬНЕВОСТОЧНЫЙ ФЕДЕРАЛЬНЫЙ ОКРУГ,2825482.0,291697403.78398997,37330.0,45436527.98527999,30-06-2025,Q2-2025,2025,2,client_assets_2_2025.xlsx,509991,705631,1215622,7988252.0,291.7,2324.31,3583.78,42203.72,5.59,235.5,103.24,1217.16,1.3,13.48,277334.51
ДАЛЬНЕВОСТОЧНЫЙ ФЕДЕРАЛЬНЫЙ ОКРУГ,2956233.0,310447709.74508,37482.0,50407499.19614,30-09-2025,Q3-2025,2025,3,client_assets_3_2025.xlsx,508445,719198,1227643,7988252.0,310.45,2408.06,3747.65,45173.24,5.6,243.86,105.01,1344.85,1.25,13.97,293941.49
Курганская область,77542.0,8552222.58434,3136.0,1559473.33846,30-09-2021,Q3-2021,2021,3,client_assets_3_2021.xlsx,33153,43370,76523,780363.0,8.55,1013.32,1033.85,12957.68,0.45,105.43,110.29,497.28,3.89,15.42,132139.3
Курганская область,92288.0,9370117.80963,4694.0,1533840.30171,31-12-2021,Q4-2021,2021,4,client_assets_4_2021.xlsx,32539,43988,76527,780363.0,9.37,1205.95,1242.78,13972.93,0.46,126.73,101.53,326.77,4.84,14.07,142485.11
Курганская область,105277.0,8060182.2103,5000.0,1284439.21413,31-03-2022,Q1-2022,2022,1,client_assets_1_2022.xlsx,32187,44511,76698,776000.0,8.06,1372.62,1421.1,12042.04,0.46,143.78,76.56,256.89,4.53,13.75,121836.57
Курганская область,116183.0,6112790.63124,5088.0,1122737.12088,30-06-2022,Q2-2022,2022,2,client_assets_2_2022.xlsx,31972,44850,76822,776000.0,6.11,1512.37,1562.77,9324.13,0.45,157.86,52.61,220.66,4.2,15.52,94185.62
Курганская область,124491.0,5764412.01700239,5081.0,1094056.60598,30-09-2022,Q3-2022,2022,3,client_assets_3_2022.xlsx,31873,45123,76996,776000.0,5.76,1616.85,1669.74,8838.23,0.46,168.28,46.3,215.32,3.92,15.95,89075.65
Курганская область,134010.0,6743165.97811065,4872.0,1202203.99628,31-12-2022,Q4-2022,2022,4,client_assets_4_2022.xlsx,31759,45578,77337,776000.0,6.74,1732.81,1789.72,10238.88,0.46,179.58,50.32,246.76,3.51,15.13,102736.98
Курганская область,143471.0,7941703.94879069,4698.0,1294041.74988,31-03-2023,Q1-2023,2023,1,client_assets_1_2023.xlsx,31594,45794,77388,761000.0,7.94,1853.92,1947.03,12136.33,0.46,191.46,55.35,275.45,3.17,14.01,119343.38
Курганская область,155527.0,9493819.96445819,4625.0,1246852.51566,30-06-2023,Q2-2023,2023,2,client_assets_2_2023.xlsx,31495,46836,78331,761000.0,9.49,1985.51,2104.49,14113.89,0.47,204.46,61.04,269.59,2.89,11.61,137119.05
Курганская область,166880.0,10600112.88796,4524.0,1384925.96789,30-09-2023,Q3-2023,2023,3,client_assets_3_2023.xlsx,31350,47898,79248,761000.0,10.6,2105.79,2252.35,15749.07,0.47,216.29,63.52,306.13,2.64,11.56,151234.59
Курганская область,183805.0,11250198.80283,4386.0,1363457.36824,31-12-2023,Q4-2023,2023,4,client_assets_4_2023.xlsx,31033,49023,80056,761000.0,11.25,2295.96,2472.94,16575.11,0.47,235.07,61.21,310.87,2.33,10.81,157560.41
Курганская область,193864.0,11814417.88971,4256.0,1268315.78451,31-03-2024,Q1-2024,2024,1,client_assets_1_2024.xlsx,30883,50155,81038,753000.0,11.81,2392.26,2631.08,17374.15,0.48,244.48,60.94,298.01,2.15,9.69,161439.49
Курганская область,203294.0,11219838.78808,4160.0,1326276.58286,30-06-2024,Q2-2024,2024,2,client_assets_2_2024.xlsx,30856,51092,81948,753000.0,11.22,2480.77,2755.03,16661.51,0.48,253.15,55.19,318.82,2.01,10.57,153098.49
Курганская область,217059.0,12150165.00557,4042.0,1308638.0056000003,30-09-2024,Q3-2024,2024,3,client_assets_3_2024.xlsx,30793,52280,83073,753000.0,12.15,2612.87,2936.27,17873.58,0.48,266.15,55.98,323.76,1.83,9.72,162011.76
Курганская область,229884.0,13230144.09141,3944.0,1562495.75635,31-12-2024,Q4-2024,2024,4,client_assets_4_2024.xlsx,30771,53771,84542,753000.0,13.23,2719.17,3105.29,19644.94,0.49,276.58,57.55,396.17,1.69,10.56,174973.86
Курганская область,239543.0,14109780.64321,3821.0,1404508.4672099994,31-03-2025,Q1-2025,2025,1,client_assets_1_2025.xlsx,30813,54918,85731,744465.0,14.11,2794.12,3268.98,20839.51,0.49,283.87,58.9,367.58,1.57,9.05,180964.75
Курганская область,248696.0,15314320.50757,3784.0,1360919.0027500002,30-06-2025,Q2-2025,2025,2,client_assets_2_2025.xlsx,30699,55275,85974,744465.0,15.31,2892.69,3391.43,22398.96,0.49,293.67,61.58,359.65,1.5,8.16,193956.77
Курганская область,262030.0,16865225.65505,3786.0,1630954.98529,30-09-2025,Q3-2025,2025,3,client_assets_3_2025.xlsx,30658,56217,86875,744465.0,16.87,3016.17,3570.56,24844.93,0.5,305.98,64.36,430.79,1.42,8.82,212905.68
ПРИВОЛЖСКИЙ ФЕДЕРАЛЬНЫЙ ОКРУГ,3592673.0,1042839790.88832,117705.0,127797265.80347,30-09-2021,Q3-2021,2021,3,client_assets_3_2021.xlsx,1796126,1887200,3683326,28981109.0,1042.84,975.39,1280.27,40393.11,21.0,100.73,290.27,1085.74,3.17,10.92,317820.65
ПРИВОЛЖСКИЙ ФЕДЕРАЛЬНЫЙ ОКРУГ,4257354.0,1218395080.43167,157104.0,130375368.30894,31-12-2021,Q4-2021,2021,4,client_assets_4_2021.xlsx,1771444,1934611,3706055,28981109.0,1218.4,1148.76,1523.22,46539.64,21.12,119.11,286.19,829.87,3.56,9.67,363936.98
ПРИВОЛЖСКИЙ ФЕДЕРАЛЬНЫЙ ОКРУГ,4865971.0,1077880510.50414,163289.0,122971570.36252,31-03-2022,Q1-2022,2022,1,client_assets_1_2022.xlsx,1746338,1968676,3715014,28900000.0,1077.88,1309.81,1740.23,41551.98,21.03,135.38,221.51,753.09,3.25,10.24,323242.95
ПРИВОЛЖСКИЙ ФЕДЕРАЛЬНЫЙ ОКРУГ,5375253.0,870726769.43265,164359.0,125635983.60015,30-06-2022,Q2-2022,2022,2,client_assets_2_2022.xlsx,1726329,1987839,3714168,28900000.0,870.73,1447.23,1916.82,34476.22,21.02,149.15,161.99,764.4,2.97,12.61,268260.01
ПРИВОЛЖСКИЙ ФЕДЕРАЛЬНЫЙ ОКРУГ,5730272.0,873033617.587806,164148.0,126019982.39298,30-09-2022,Q3-2022,2022,3,client_assets_3_2022.xlsx,1710627,2008039,3718666,28900000.0,873.03,1540.95,2039.59,34569.33,21.01,158.51,152.35,767.72,2.78,12.61,268659.14
ПРИВОЛЖСКИЙ ФЕДЕРАЛЬНЫЙ ОКРУГ,6139483.0,966448209.005748,159862.0,139623562.35839,31-12-2022,Q4-2022,2022,4,client_assets_4_2022.xlsx,1697913,2021846,3719759,28900000.0,966.45,1650.51,2179.7,38272.38,21.07,169.35,157.42,873.4,2.54,12.62,297350.39
ПРИВОЛЖСКИЙ ФЕДЕРАЛЬНЫЙ ОКРУГ,6531085.0,1037387753.36785,155639.0,137963995.72678,31-03-2023,Q1-2023,2023,1,client_assets_1_2023.xlsx,1695322,2038391,3733713,28850000.0,1037.39,1749.22,2317.76,40740.1,21.07,179.09,158.84,886.44,2.33,11.74,314794.35
ПРИВОЛЖСКИЙ ФЕДЕРАЛЬНЫЙ ОКРУГ,7016129.0,1169188886.80082,155484.0,114794821.46811,30-06-2023,Q2-2023,2023,2,client_assets_2_2023.xlsx,1702135,2095816,3797951,28850000.0,1169.19,1847.35,2485.83,44505.5,21.13,188.83,166.64,738.31,2.17,8.94,338072.74
ПРИВОЛЖСКИЙ ФЕДЕРАЛЬНЫЙ ОКРУГ,7500608.0,1296349033.21691,155069.0,164537285.71904,30-09-2023,Q3-2023,2023,3,client_assets_3_2023.xlsx,1684819,2147566,3832385,28850000.0,1296.35,1957.16,2653.61,50637.31,21.13,199.76,172.83,1061.06,2.03,11.26,381195.08
ПРИВОЛЖСКИЙ ФЕДЕРАЛЬНЫЙ ОКРУГ,8239070.0,1261735033.92516,152966.0,168734526.37002,31-12-2023,Q4-2023,2023,4,client_assets_4_2023.xlsx,1662271,2192912,3855183,28850000.0,1261.74,2137.14,2908.85,49583.0,21.18,217.68,153.14,1103.09,1.82,11.8,371051.01
ПРИВОЛЖСКИЙ ФЕДЕРАЛЬНЫЙ ОКРУГ,8627386.0,1317400551.15044,149654.0,174597489.54972,31-03-2024,Q1-2024,2024,1,client_assets_1_2024.xlsx,1653459,2223637,3877096,28612039.0,1317.4,2225.22,3067.6,52145.81,21.15,226.38,152.7,1166.67,1.71,11.7,384823.6
ПРИВОЛЖСКИЙ ФЕДЕРАЛЬНЫЙ ОКРУГ,8981657.0,1247291295.3718698,149331.0,168644609.51086006,30-06-2024,Q2-2024,2024,2,client_assets_2_2024.xlsx,1652339,2271790,3924129,28612039.0,1247.29,2288.83,3191.31,49487.42,21.07,232.69,138.87,1129.33,1.64,11.91,360828.07
ПРИВОЛЖСКИЙ ФЕДЕРАЛЬНЫЙ ОКРУГ,9478172.0,1290502812.09261,145764.0,178382909.07457003,30-09-2024,Q3-2024,2024,3,client_assets_3_2024.xlsx,1654421,2317654,3972075,28612039.0,1290.5,2386.2,3363.6,51338.03,21.11,242.29,136.16,1223.78,1.51,12.14,369803.12
ПРИВОЛЖСКИЙ ФЕДЕРАЛЬНЫЙ ОКРУГ,9913408.0,1395169785.49084,141216.0,194929392.41065,31-12-2024,Q4-2024,2024,4,client_assets_4_2024.xlsx,1651314,2360691,4012005,28612039.0,1395.17,2470.94,3514.12,55574.48,21.02,250.61,140.74,1380.36,1.4,12.26,396335.29
ПРИВОЛЖСКИЙ ФЕДЕРАЛЬНЫЙ ОКРУГ,10254274.0,1343758641.32179,136595.0,188764156.15989998,31-03-2025,Q1-2025,2025,1,client_assets_1_2025.xlsx,1645805,2383915,4029720,28981109.0,1343.76,2544.66,3585.39,52880.06,20.97,257.86,131.04,1381.93,1.31,12.32,380305.03
ПРИВОЛЖСКИЙ ФЕДЕРАЛЬНЫЙ ОКРУГ,10578452.0,1411572091.1344802,136390.0,197938698.39801002,30-06-2025,Q2-2025,2025,2,client_assets_2_2025.xlsx,1636528,2424659,4061187,28981109.0,1411.57,2604.77,3697.18,55536.55,20.91,263.84,133.44,1451.27,1.27,12.3,396315.36
ПРИВОЛЖСКИЙ ФЕДЕРАЛЬНЫЙ ОКРУГ,11004555.0,1566175512.15808,136335.0,212600884.38476,30-09-2025,Q3-2025,2025,3,client_assets_3_2025.xlsx,1628048,2474054,4102102,28981109.0,1566.18,2682.66,3844.19,61377.1,20.83,271.59,142.32,1559.4,1.22,11.95,433625.59
РОССИЙСКАЯ ФЕДЕРАЦИЯ,17109374.0,15634646887.9611,667615.0,1684743549.27434,30-09-2021,Q3-2021,2021,3,client_assets_3_2021.xlsx,10002314,10788124,20790438,146238185.0,15634.65,822.94,1215.62,118432.75,100.0,85.51,913.81,2523.53,3.76,9.73,833045.96
РОССИЙСКАЯ ФЕДЕРАЦИЯ,20158631.0,15976467182.3765,841697.0,1743109230.72422,31-12-2021,Q4-2021,2021,4,client_assets_4_2021.xlsx,9845335,11065720,20911055,146238185.0,15976.47,964.02,1436.04,121169.29,100.0,100.43,792.54,2070.95,4.01,9.84,847378.4
РОССИЙСКАЯ ФЕДЕРАЦИЯ,23137637.0,13214965679.424,872108.0,1545505344.87906,31-03-2022,Q1-2022,2022,1,client_assets_1_2022.xlsx,9697474,11260623,20958097,146299107.0,13214.97,1104.0,1641.14,100892.42,100.0,114.56,571.15,1772.15,3.63,10.47,704284.89
РОССИЙСКАЯ ФЕДЕРАЦИЯ,25575361.0,12443481825.0493,874638.0,1394478738.32474,30-06-2022,Q2-2022,2022,2,client_assets_2_2022.xlsx,9639492,11388349,21027841,146299107.0,12443.48,1216.26,1807.94,94586.77,100.0,125.79,486.54,1594.35,3.31,10.08,658078.05
РОССИЙСКАЯ ФЕДЕРАЦИЯ,27270769.0,12319823662.3571,870982.0,1543817321.24071,30-09-2022,Q3-2022,2022,3,client_assets_3_2022.xlsx,9579889,11518613,21098502,146299107.0,12319.82,1292.55,1923.58,94762.31,100.0,133.38,451.76,1772.5,3.09,11.14,657091.25
РОССИЙСКАЯ ФЕДЕРАЦИЯ,29134733.0,13915134279.7885,846666.0,1761715285.71291,31-12-2022,Q4-2022,2022,4,client_assets_4_2022.xlsx,9578546,11612644,21191190,146299107.0,13915.13,1374.85,2049.32,107156.15,100.0,141.48,477.61,2080.77,2.82,11.24,739781.46
РОССИЙСКАЯ ФЕДЕРАЦИЯ,30996068.0,15954569607.3901,819884.0,1842995218.93862,31-03-2023,Q1-2023,2023,1,client_assets_1_2023.xlsx,9724603,11842781,21567384,146150789.0,15954.57,1437.17,2176.93,121775.36,100.0,147.52,514.73,2247.87,2.58,10.36,825207.4
РОССИЙСКАЯ ФЕДЕРАЦИЯ,33201313.0,17959115362.7169,817749.0,2010040282.47764,30-06-2023,Q2-2023,2023,2,client_assets_2_2023.xlsx,9802412,12189366,21991778,146150789.0,17959.12,1509.71,2327.67,136633.92,100.0,154.69,540.92,2458.02,2.4,10.07,908028.25
РОССИЙСКАЯ ФЕДЕРАЦИЯ,35492533.0,20174100172.9412,818231.0,2280788404.68415,30-09-2023,Q3-2023,2023,3,client_assets_3_2023.xlsx,9757122,12499924,22257046,146150789.0,20174.1,1594.67,2484.47,153641.93,100.0,163.14,568.4,2787.46,2.25,10.16,1008888.99
РОССИЙСКАЯ ФЕДЕРАЦИЯ,38907247.0,20821687233.9653,802188.0,2333639815.83812,31-12-2023,Q4-2023,2023,4,client_assets_4_2023.xlsx,9667893,12746863,22414756,146150789.0,20821.69,1735.79,2717.02,158434.5,100.0,177.16,535.16,2909.09,2.02,10.08,1033039.44
РОССИЙСКАЯ ФЕДЕРАЦИЯ,40800292.0,21188496787.0068,781678.0,2430621930.44126,31-03-2024,Q1-2024,2024,1,client_assets_1_2024.xlsx,9675277,12912794,22588071,146150789.0,21188.5,1806.28,2845.14,161607.88,100.0,184.09,519.32,3109.49,1.88,10.29,1045645.67
РОССИЙСКАЯ ФЕДЕРАЦИЯ,42633576.0,20272211865.04837,779048.0,2421411584.10301,30-06-2024,Q2-2024,2024,2,client_assets_2_2024.xlsx,9687599,13190883,22878482,146150789.0,20272.21,1863.48,2970.4,155275.41,100.0,189.75,475.5,3108.17,1.79,10.67,991919.98
РОССИЙСКАЯ ФЕДЕРАЦИЯ,44904692.0,20924458624.801823,769782.0,2462879731.4979296,30-09-2024,Q3-2024,2024,3,client_assets_3_2024.xlsx,9686862,13458259,23145121,146150789.0,20924.46,1940.14,3125.16,160021.98,100.0,197.34,465.97,3199.45,1.69,10.53,1010465.16
РОССИЙСКАЯ ФЕДЕРАЦИЯ,47153680.0,22111075878.7864,755122.0,2724470049.36702,31-12-2024,Q4-2024,2024,4,client_assets_4_2024.xlsx,9696909,13670149,23367058,146150789.0,22111.08,2017.96,3278.04,169930.97,100.0,205.03,468.92,3607.99,1.58,10.97,1062844.37
РОССИЙСКАЯ ФЕДЕРАЦИЯ,48898241.0,22717625841.19404,737935.0,2686444627.0176797,31-03-2025,Q1-2025,2025,1,client_assets_1_2025.xlsx,9666751,13760536,23427287,146119928.0,22717.63,2087.23,3396.95,173857.67,100.0,211.87,464.59,3640.49,1.49,10.57,1084379.53
РОССИЙСКАЯ ФЕДЕРАЦИЯ,50578437.0,23930623811.136173,735547.0,2801897197.1594024,30-06-2025,Q2-2025,2025,2,client_assets_2_2025.xlsx,9581028,13986610,23567638,146119928.0,23930.62,2146.1,3511.77,182949.18,100.0,217.73,473.14,3809.27,1.43,10.48,1134289.36
РОССИЙСКАЯ ФЕДЕРАЦИЯ,52823471.0,25439977601.054,736273.0,3036746550.19398,30-09-2025,Q3-2025,2025,3,client_assets_3_2025.xlsx,9518886,14274128,23793014,146119928.0,25439.98,2220.13,3665.46,194885.97,100.0,225.11,481.6,4124.48,1.37,10.66,1196852.33
СЕВЕРО-ЗАПАДНЫЙ ФЕДЕРАЛЬНЫЙ ОКРУГ,1836192.0,1402261633.30672,70765.0,155266140.79268,30-09-2021,Q3-2021,2021,3,client_assets_3_2021.xlsx,1244671,1129170,2373841,13924240.0,1402.26,773.51,1369.52,111857.29,10.73,80.33,763.68,2194.11,3.71,9.97,656121.36
СЕВЕРО-ЗАПАДНЫЙ ФЕДЕРАЛЬНЫЙ ОКРУГ,2142982.0,1418876124.02548,86829.0,172685089.07141,31-12-2021,Q4-2021,2021,4,client_assets_4_2021.xlsx,1224385,1163640,2388025,13924240.0,1418.88,897.39,1601.39,114301.48,10.63,93.37,662.1,1988.8,3.89,10.85,666475.94
СЕВЕРО-ЗАПАДНЫЙ ФЕДЕРАЛЬНЫЙ ОКРУГ,2455727.0,1178039942.29097,89891.0,156262704.45637,31-03-2022,Q1-2022,2022,1,client_assets_1_2022.xlsx,1206118,1186595,2392713,13900000.0,1178.04,1026.34,1831.38,95993.0,10.61,106.39,479.71,1738.36,3.53,11.71,557652.61
СЕВЕРО-ЗАПАДНЫЙ ФЕДЕРАЛЬНЫЙ ОКРУГ,2708743.0,1078803238.16284,91300.0,130769757.25807,30-06-2022,Q2-2022,2022,2,client_assets_2_2022.xlsx,1194354,1201234,2395588,13900000.0,1078.8,1130.72,2014.42,87019.64,10.59,116.88,398.27,1432.31,3.26,10.81,504916.95
СЕВЕРО-ЗАПАДНЫЙ ФЕДЕРАЛЬНЫЙ ОКРУГ,2877561.0,1039066788.29711,92304.0,131588646.44318,30-09-2022,Q3-2022,2022,3,client_assets_3_2022.xlsx,1179074,1216730,2395804,13900000.0,1039.07,1201.08,2136.59,84219.82,10.55,123.96,361.09,1425.6,3.11,11.24,488627.38
СЕВЕРО-ЗАПАДНЫЙ ФЕДЕРАЛЬНЫЙ ОКРУГ,3055738.0,1167883112.31374,90834.0,160106997.41852,31-12-2022,Q4-2022,2022,4,client_assets_4_2022.xlsx,1171440,1227362,2398802,13900000.0,1167.88,1273.86,2263.72,95538.86,10.49,131.17,382.19,1762.63,2.89,12.06,553605.55
СЕВЕРО-ЗАПАДНЫЙ ФЕДЕРАЛЬНЫЙ ОКРУГ,3239986.0,1345348230.85291,88667.0,171679795.05982,31-03-2023,Q1-2023,2023,1,client_assets_1_2023.xlsx,1166369,1234647,2401016,13888591.0,1345.35,1349.42,2396.68,109228.36,10.45,138.64,415.23,1936.23,2.66,11.32,631827.54
СЕВЕРО-ЗАПАДНЫЙ ФЕДЕРАЛЬНЫЙ ОКРУГ,3450897.0,1794458043.78502,89668.0,190706952.975796,30-06-2023,Q2-2023,2023,2,client_assets_2_2023.xlsx,1168212,1263846,2432058,13888591.0,1794.46,1418.92,2549.26,142934.95,10.39,145.58,520.0,2126.81,2.53,9.61,816249.04
СЕВЕРО-ЗАПАДНЫЙ ФЕДЕРАЛЬНЫЙ ОКРУГ,3682865.0,2199994313.59869,91594.0,212968373.33845,30-09-2023,Q3-2023,2023,3,client_assets_3_2023.xlsx,1159059,1289836,2448895,13888591.0,2199.99,1503.89,2717.67,173737.04,10.38,154.13,597.36,2325.13,2.43,8.83,985327.13
СЕВЕРО-ЗАПАДНЫЙ ФЕДЕРАЛЬНЫЙ ОКРУГ,4029074.0,2454215261.74713,90329.0,223572714.79932,31-12-2023,Q4-2023,2023,4,client_assets_4_2023.xlsx,1145071,1312637,2457708,13888591.0,2454.22,1639.36,2966.03,192804.87,10.36,167.61,609.13,2475.09,2.19,8.35,1089546.84
СЕВЕРО-ЗАПАДНЫЙ ФЕДЕРАЛЬНЫЙ ОКРУГ,4209601.0,2333093028.76667,88615.0,226278438.192716,31-03-2024,Q1-2024,2024,1,client_assets_1_2024.xlsx,1137062,1326155,2463217,13853850.0,2333.09,1708.99,3102.54,184740.81,10.32,174.5,554.23,2553.5,2.06,8.84,1039036.13
СЕВЕРО-ЗАПАДНЫЙ ФЕДЕРАЛЬНЫЙ ОКРУГ,4382964.0,2110822343.284019,89266.0,221839366.71418998,30-06-2024,Q2-2024,2024,2,client_assets_2_2024.xlsx,1136529,1349961,2486490,13853850.0,2110.82,1762.71,3228.15,168376.42,10.28,179.86,481.6,2485.15,2.0,9.51,938134.36
СЕВЕРО-ЗАПАДНЫЙ ФЕДЕРАЛЬНЫЙ ОКРУГ,4586876.0,2253316581.6701703,88163.0,224591131.92684,30-09-2024,Q3-2024,2024,3,client_assets_3_2024.xlsx,1135698,1374585,2510283,13853850.0,2253.32,1827.23,3374.54,178860.58,10.21,186.24,491.25,2547.45,1.89,9.06,987102.93
СЕВЕРО-ЗАПАДНЫЙ ФЕДЕРАЛЬНЫЙ ОКРУГ,4791966.0,2372280702.82978,86710.0,291639808.70166,31-12-2024,Q4-2024,2024,4,client_assets_4_2024.xlsx,1136296,1396491,2532787,13853850.0,2372.28,1891.97,3521.53,192287.38,10.16,192.62,495.05,3363.39,1.78,10.95,1051774.39
СЕВЕРО-ЗАПАДНЫЙ ФЕДЕРАЛЬНЫЙ ОКРУГ,4954763.0,2433067555.1483684,84784.0,238020361.65607995,31-03-2025,Q1-2025,2025,1,client_assets_1_2025.xlsx,1132871,1403068,2535939,13924240.0,2433.07,1953.82,3619.26,191830.07,10.13,198.73,491.06,2807.37,1.68,8.91,1053293.44
СЕВЕРО-ЗАПАДНЫЙ ФЕДЕРАЛЬНЫЙ ОКРУГ,5121306.0,2579535095.5946393,84110.0,249069796.93965,30-06-2025,Q2-2025,2025,2,client_assets_2_2025.xlsx,1123933,1421855,2545788,13924240.0,2579.54,2011.68,3738.38,203142.5,10.13,204.47,503.69,2961.24,1.62,8.81,1111092.08
СЕВЕРО-ЗАПАДНЫЙ ФЕДЕРАЛЬНЫЙ ОКРУГ,5343048.0,2728542155.2728,84119.0,268035394.65751,30-09-2025,Q3-2025,2025,3,client_assets_3_2025.xlsx,1116533,1450967,2567500,13924240.0,2728.54,2081.03,3897.64,215205.82,10.11,211.38,510.67,3186.38,1.55,8.94,1167118.81
СЕВЕРО-КАВКАЗСКИЙ ФЕДЕРАЛЬНЫЙ ОКРУГ,605970.0,72085806.46279,10989.0,6204332.25636,30-09-2021,Q3-2021,2021,3,client_assets_3_2021.xlsx,303060,491681,794741,10152703.0,72.09,762.47,607.68,7711.26,3.54,77.63,118.96,564.59,1.78,7.92,98510.26
СЕВЕРО-КАВКАЗСКИЙ ФЕДЕРАЛЬНЫЙ ОКРУГ,737610.0,78713344.59771,16406.0,6371148.94535,31-12-2021,Q4-2021,2021,4,client_assets_4_2021.xlsx,299447,506937,806384,10152703.0,78.71,914.71,742.68,8380.48,3.66,93.51,106.71,388.34,2.18,7.49,105513.62
СЕВЕРО-КАВКАЗСКИЙ ФЕДЕРАЛЬНЫЙ ОКРУГ,856698.0,67090736.05459,17900.0,4972243.64136,31-03-2022,Q1-2022,2022,1,client_assets_1_2022.xlsx,294426,517650,812076,10200000.0,67.09,1054.95,857.45,7065.0,3.7,107.7,78.31,277.78,2.05,6.9,88739.21
СЕВЕРО-КАВКАЗСКИЙ ФЕДЕРАЛЬНЫЙ ОКРУГ,978531.0,48210603.7531,18265.0,5257139.55731,30-06-2022,Q2-2022,2022,2,client_assets_2_2022.xlsx,292226,521709,813935,10200000.0,48.21,1202.22,977.25,5241.94,3.83,122.47,49.27,287.83,1.83,9.83,65690.43
СЕВЕРО-КАВКАЗСКИЙ ФЕДЕРАЛЬНЫЙ ОКРУГ,1063475.0,47660873.4230962,18177.0,5339270.04935,30-09-2022,Q3-2022,2022,3,client_assets_3_2022.xlsx,290789,526224,817013,10200000.0,47.66,1301.66,1060.44,5196.09,3.9,132.39,44.82,293.74,1.68,10.07,64870.62
СЕВЕРО-КАВКАЗСКИЙ ФЕДЕРАЛЬНЫЙ ОКРУГ,1153562.0,55617942.6532246,17827.0,6110418.55524,31-12-2022,Q4-2022,2022,4,client_assets_4_2022.xlsx,289381,529602,818983,10200000.0,55.62,1408.53,1148.42,6051.8,3.96,143.03,48.21,342.76,1.52,9.9,75371.97
СЕВЕРО-КАВКАЗСКИЙ ФЕДЕРАЛЬНЫЙ ОКРУГ,1239911.0,61383159.4726028,17538.0,7408064.75254,31-03-2023,Q1-2023,2023,1,client_assets_1_2023.xlsx,291217,534390,825607,10250000.0,61.38,1501.82,1226.78,6711.34,4.0,152.31,49.51,422.4,1.39,10.77,83322.0
СЕВЕРО-КАВКАЗСКИЙ ФЕДЕРАЛЬНЫЙ ОКРУГ,1339198.0,71140395.3971693,17519.0,7904684.12211,30-06-2023,Q2-2023,2023,2,client_assets_2_2023.xlsx,294575,552049,846624,10250000.0,71.14,1581.81,1323.63,7711.72,4.03,160.25,53.12,451.21,1.29,10.0,93365.04
СЕВЕРО-КАВКАЗСКИЙ ФЕДЕРАЛЬНЫЙ ОКРУГ,1437355.0,85782201.01903,17549.0,8277497.64773,30-09-2023,Q3-2023,2023,3,client_assets_3_2023.xlsx,294961,571253,866214,10250000.0,85.78,1659.35,1419.42,9176.56,4.05,167.96,59.68,471.68,1.21,8.8,108587.14
СЕВЕРО-КАВКАЗСКИЙ ФЕДЕРАЛЬНЫЙ ОКРУГ,1592262.0,89002406.92623,17336.0,8048604.78648,31-12-2023,Q4-2023,2023,4,client_assets_4_2023.xlsx,294169,586827,880996,10250000.0,89.0,1807.34,1570.34,9468.39,4.09,182.7,55.9,464.27,1.08,8.29,110160.56
СЕВЕРО-КАВКАЗСКИЙ ФЕДЕРАЛЬНЫЙ ОКРУГ,1701349.0,92105702.38446,17125.0,7720600.62489,31-03-2024,Q1-2024,2024,1,client_assets_1_2024.xlsx,297421,600089,897510,10280000.0,92.11,1895.63,1671.67,9710.73,4.17,191.47,54.14,450.84,1.0,7.73,111225.84
СЕВЕРО-КАВКАЗСКИЙ ФЕДЕРАЛЬНЫЙ ОКРУГ,1804513.0,89137720.94009,17187.0,7669383.137800001,30-06-2024,Q2-2024,2024,2,client_assets_2_2024.xlsx,300369,618186,918555,10280000.0,89.14,1964.51,1772.08,9417.03,4.23,198.32,49.4,446.23,0.94,7.92,105390.65
СЕВЕРО-КАВКАЗСКИЙ ФЕДЕРАЛЬНЫЙ ОКРУГ,1939258.0,91356797.33275,17229.0,9580015.091559999,30-09-2024,Q3-2024,2024,3,client_assets_3_2024.xlsx,301529,638486,940015,10280000.0,91.36,2063.01,1903.2,9818.76,4.32,208.13,47.11,556.04,0.88,9.49,107377.87
СЕВЕРО-КАВКАЗСКИЙ ФЕДЕРАЛЬНЫЙ ОКРУГ,2080724.0,96932079.41239,17065.0,9231773.75571,31-12-2024,Q4-2024,2024,4,client_assets_4_2024.xlsx,304047,653380,957427,10280000.0,96.93,2173.25,2040.65,10327.22,4.41,219.11,46.59,540.98,0.81,8.7,110884.54
СЕВЕРО-КАВКАЗСКИЙ ФЕДЕРАЛЬНЫЙ ОКРУГ,2187774.0,100970536.61223,16605.0,8418977.195239998,31-03-2025,Q1-2025,2025,1,client_assets_1_2025.xlsx,306339,664127,970466,10152703.0,100.97,2254.35,2171.22,10774.42,4.47,227.15,46.15,507.01,0.75,7.7,112718.54
СЕВЕРО-КАВКАЗСКИЙ ФЕДЕРАЛЬНЫЙ ОКРУГ,2281987.0,104366012.82057,16674.0,8909738.451400004,30-06-2025,Q2-2025,2025,2,client_assets_2_2025.xlsx,308725,683641,992366,10152703.0,104.37,2299.54,2264.09,11157.2,4.51,231.63,45.73,534.35,0.73,7.87,114147.15
СЕВЕРО-КАВКАЗСКИЙ ФЕДЕРАЛЬНЫЙ ОКРУГ,2408566.0,112407550.80579,16720.0,11191597.22674,30-09-2025,Q3-2025,2025,3,client_assets_3_2025.xlsx,310491,706796,1017287,10152703.0,112.41,2367.64,2388.81,12174.01,4.56,238.41,46.67,669.35,0.69,9.05,121498.8
СИБИРСКИЙ ФЕДЕРАЛЬНЫЙ ОКРУГ,2025656.0,582994283.886,71782.0,91275419.24165,30-09-2021,Q3-2021,2021,3,client_assets_3_2021.xlsx,1062303,1104051,2166354,16821492.0,582.99,935.05,1246.88,40083.82,11.84,96.82,287.81,1271.56,3.42,13.54,311246.32
СИБИРСКИЙ ФЕДЕРАЛЬНЫЙ ОКРУГ,2393126.0,598261554.13675,98138.0,97317720.19326,31-12-2021,Q4-2021,2021,4,client_assets_4_2021.xlsx,1049629,1129711,2179340,16821492.0,598.26,1098.1,1481.0,41350.63,11.87,114.31,249.99,991.64,3.94,13.99,319169.69
СИБИРСКИЙ ФЕДЕРАЛЬНЫЙ ОКРУГ,2740942.0,514829577.006,103323.0,86149798.02361,31-03-2022,Q1-2022,2022,1,client_assets_1_2022.xlsx,1036933,1146545,2183478,16800000.0,514.83,1255.31,1693.01,35772.58,11.85,130.26,187.83,833.79,3.63,14.33,275239.49
СИБИРСКИЙ ФЕДЕРАЛЬНЫЙ ОКРУГ,3010711.0,458315326.60812,104447.0,73590883.5286,30-06-2022,Q2-2022,2022,2,client_assets_2_2022.xlsx,1030401,1158377,2188778,16800000.0,458.32,1375.52,1854.26,31661.08,11.77,142.32,152.23,704.58,3.35,13.84,243015.15
СИБИРСКИЙ ФЕДЕРАЛЬНЫЙ ОКРУГ,3216060.0,426504927.298169,104694.0,71515165.43332,30-09-2022,Q3-2022,2022,3,client_assets_3_2022.xlsx,1023544,1169097,2192641,16800000.0,426.5,1466.75,1976.64,29644.05,11.79,151.45,132.62,683.09,3.15,14.36,227132.53
СИБИРСКИЙ ФЕДЕРАЛЬНЫЙ ОКРУГ,3441691.0,499573074.573726,101879.0,82216827.4217,31-12-2022,Q4-2022,2022,4,client_assets_4_2022.xlsx,1020863,1177635,2198498,16800000.0,499.57,1565.47,2109.27,34630.35,11.81,161.18,145.15,807.0,2.88,14.13,264630.63
СИБИРСКИЙ ФЕДЕРАЛЬНЫЙ ОКРУГ,3671862.0,573621674.411721,98975.0,87232882.83886,31-03-2023,Q1-2023,2023,1,client_assets_1_2023.xlsx,1021111,1183507,2204618,16700000.0,573.62,1665.53,2257.99,39572.13,11.85,171.04,156.22,881.36,2.62,13.2,299759.21
СИБИРСКИЙ ФЕДЕРАЛЬНЫЙ ОКРУГ,3958008.0,634220976.780891,98151.0,98053960.28881,30-06-2023,Q2-2023,2023,2,client_assets_2_2023.xlsx,1024626,1212390,2237016,16700000.0,634.22,1769.32,2428.84,43848.8,11.92,181.32,160.24,999.01,2.42,13.39,327344.52
СИБИРСКИЙ ФЕДЕРАЛЬНЫЙ ОКРУГ,4233657.0,747575612.03785,97158.0,111042557.96001,30-09-2023,Q3-2023,2023,3,client_assets_3_2023.xlsx,1020395,1239327,2259722,16700000.0,747.58,1873.53,2593.3,51414.26,11.93,191.65,176.58,1142.91,2.24,12.93,379966.28
СИБИРСКИЙ ФЕДЕРАЛЬНЫЙ ОКРУГ,4646428.0,756801330.90674,95795.0,109929340.14331,31-12-2023,Q4-2023,2023,4,client_assets_4_2023.xlsx,1006292,1260851,2267143,16700000.0,756.8,2049.46,2839.65,51900.04,11.94,209.17,162.88,1147.55,2.02,12.68,382300.84
СИБИРСКИЙ ФЕДЕРАЛЬНЫЙ ОКРУГ,4910516.0,776125363.6343,93874.0,110755781.46279,31-03-2024,Q1-2024,2024,1,client_assets_1_2024.xlsx,998381,1271328,2269709,16700000.0,776.13,2163.5,2996.64,53106.66,12.04,220.49,158.05,1179.83,1.88,12.49,390746.63
СИБИРСКИЙ ФЕДЕРАЛЬНЫЙ ОКРУГ,5128950.0,702255025.7665799,93599.0,105435356.60175999,30-06-2024,Q2-2024,2024,2,client_assets_2_2024.xlsx,992605,1296378,2288983,16700000.0,702.26,2240.71,3127.27,48364.69,12.03,228.16,136.92,1126.46,1.79,13.05,352859.93
СИБИРСКИЙ ФЕДЕРАЛЬНЫЙ ОКРУГ,5422343.0,743080257.2122501,93202.0,110773755.71062002,30-09-2024,Q3-2024,2024,3,client_assets_3_2024.xlsx,986572,1318889,2305461,16700000.0,743.08,2351.96,3302.72,51128.98,12.08,239.24,137.04,1188.53,1.69,12.97,370361.51
СИБИРСКИЙ ФЕДЕРАЛЬНЫЙ ОКРУГ,5719577.0,854897451.81714,91222.0,125907560.10097,31-12-2024,Q4-2024,2024,4,client_assets_4_2024.xlsx,983045,1337952,2320997,16700000.0,854.9,2464.28,3479.52,58730.84,12.13,250.36,149.47,1380.23,1.57,12.84,422579.18
СИБИРСКИЙ ФЕДЕРАЛЬНЫЙ ОКРУГ,5946429.0,844357104.7244499,89674.0,115684842.07018997,31-03-2025,Q1-2025,2025,1,client_assets_1_2025.xlsx,977611,1341575,2319186,16821492.0,844.36,2564.02,3588.33,57072.34,12.16,260.27,141.99,1290.06,1.49,12.05,413956.43
СИБИРСКИЙ ФЕДЕРАЛЬНЫЙ ОКРУГ,6166867.0,927070890.7531999,89370.0,120345896.82374999,30-06-2025,Q2-2025,2025,2,client_assets_2_2025.xlsx,971136,1361872,2333008,16821492.0,927.07,2643.31,3719.19,62266.58,12.19,268.16,150.33,1346.6,1.43,11.49,448955.51
СИБИРСКИЙ ФЕДЕРАЛЬНЫЙ ОКРУГ,6442590.0,990917606.61522,88740.0,132229023.1154,30-09-2025,Q3-2025,2025,3,client_assets_3_2025.xlsx,965148,1389625,2354773,16821492.0,990.92,2735.97,3882.73,66768.55,12.2,277.37,153.81,1490.07,1.36,11.77,476965.99
Свердловская область,555897.0,204501707.0097,20762.0,25740307.93511,30-09-2021,Q3-2021,2021,3,client_assets_3_2021.xlsx,347990,332200,680190,4276579.0,204.5,817.27,1348.41,53837.9,3.25,84.78,367.88,1239.78,3.6,11.18,338496.62
Свердловская область,655312.0,213266048.03176,28844.0,26886295.53308,31-12-2021,Q4-2021,2021,4,client_assets_4_2021.xlsx,344114,340491,684605,4276579.0,213.27,957.21,1599.77,56155.25,3.25,99.93,325.44,932.13,4.22,11.2,350789.64
Свердловская область,754093.0,168544258.86332,30453.0,24735206.57388,31-03-2022,Q1-2022,2022,1,client_assets_1_2022.xlsx,339899,346675,686574,4260000.0,168.54,1098.34,1841.66,45370.77,3.26,114.27,223.51,812.24,3.88,12.8,281512.94
Свердловская область,834707.0,142372085.07971,30974.0,20497799.43853,30-06-2022,Q2-2022,2022,2,client_assets_2_2022.xlsx,339641,350277,689918,4260000.0,142.37,1209.86,2032.12,38232.37,3.26,125.48,170.57,661.77,3.58,12.59,236071.37
Свердловская область,893310.0,140857067.223591,31598.0,23588173.32883,30-09-2022,Q3-2022,2022,3,client_assets_3_2022.xlsx,340223,354016,694239,4260000.0,140.86,1286.75,2171.15,38602.17,3.28,133.23,157.68,746.51,3.42,14.34,236871.22
Свердловская область,955453.0,155340745.644775,31128.0,29601633.02672,31-12-2022,Q4-2022,2022,4,client_assets_4_2022.xlsx,341418,357766,699184,4260000.0,155.34,1366.53,2315.92,43413.7,3.28,141.1,162.58,950.96,3.16,16.01,264511.74
Свердловская область,1018894.0,184817739.477523,30574.0,32212390.03895,31-03-2023,Q1-2023,2023,1,client_assets_1_2023.xlsx,342252,359892,702144,4240000.0,184.82,1451.12,2475.16,51186.35,3.29,149.47,181.39,1053.59,2.91,14.84,309096.32
Свердловская область,1098592.0,208664321.213314,30584.0,36174863.7235931,30-06-2023,Q2-2023,2023,2,client_assets_2_2023.xlsx,344307,367842,712149,4240000.0,208.66,1542.64,2663.15,57745.09,3.31,158.56,189.94,1182.8,2.71,14.77,343803.31
Свердловская область,1183793.0,254397119.29831,30877.0,40892555.51769,30-09-2023,Q3-2023,2023,3,client_assets_3_2023.xlsx,343548,375895,719443,4240000.0,254.4,1645.43,2864.79,69643.79,3.34,168.83,214.9,1324.37,2.54,13.85,410442.07
Свердловская область,1305213.0,246533988.16151,30583.0,40573283.16926,31-12-2023,Q4-2023,2023,4,client_assets_4_2023.xlsx,337246,383225,720471,4240000.0,246.53,1811.61,3150.46,67713.98,3.35,185.41,188.88,1326.66,2.29,14.13,398499.41
Свердловская область,1369849.0,264054946.05044,30115.0,39287514.70313,31-03-2024,Q1-2024,2024,1,client_assets_1_2024.xlsx,334433,388153,722586,4230000.0,264.05,1895.76,3309.61,71712.17,3.36,193.74,192.76,1304.58,2.15,12.95,419801.19
Свердловская область,1427723.0,248329382.3708001,29877.0,37400779.25300999,30-06-2024,Q2-2024,2024,2,client_assets_2_2024.xlsx,334086,395357,729443,4230000.0,248.33,1957.28,3445.86,67548.5,3.35,199.82,173.93,1251.83,2.05,13.09,391710.06
Свердловская область,1499978.0,272818268.57044995,29697.0,40294430.80613003,30-09-2024,Q3-2024,2024,3,client_assets_3_2024.xlsx,333764,403109,736873,4230000.0,272.82,2035.6,3616.25,74021.91,3.34,207.59,181.88,1356.85,1.94,12.87,424920.85
Свердловская область,1565476.0,292619054.75336,28649.0,46119083.53633,31-12-2024,Q4-2024,2024,4,client_assets_4_2024.xlsx,333251,409740,742991,4230000.0,292.62,2106.99,3768.62,80079.94,3.32,214.56,186.92,1609.8,1.8,13.61,455911.5
Свердловская область,1616039.0,300462137.38021004,28058.0,43013228.077049986,31-03-2025,Q1-2025,2025,1,client_assets_1_2025.xlsx,331934,412133,744067,4221452.0,300.46,2171.9,3894.62,81364.27,3.3,220.96,185.93,1533.01,1.71,12.52,461618.87
Свердловская область,1665531.0,318781425.15677243,27857.0,44363792.05029999,30-06-2025,Q2-2025,2025,2,client_assets_2_2025.xlsx,329788,417642,747430,4221452.0,318.78,2228.34,4011.39,86023.77,3.29,226.56,191.4,1592.55,1.65,12.22,485858.5
Свердловская область,1731662.0,343320517.97553,27789.0,46239717.22993,30-09-2025,Q3-2025,2025,3,client_assets_3_2025.xlsx,328478,426129,754607,4221452.0,343.32,2294.79,4167.88,92281.1,3.28,233.16,198.26,1663.96,1.58,11.87,516242.54
"Тюменская область, в т.ч. Ханты-Мансийский автономный округ - Югра, Ямало-Ненецкий автономный округ",578839.0,361297026.55667,27983.0,44390007.30035,30-09-2021,Q3-2021,2021,3,client_assets_3_2021.xlsx,221508,277271,498779,3812032.0,361.3,1160.51,1591.86,106422.78,3.38,121.66,624.18,1586.32,4.61,10.94,813360.29
"Тюменская область, в т.ч. Ханты-Мансийский автономный округ - Югра, Ямало-Ненецкий автономный округ",673891.0,356738783.15509,32999.0,44660245.79575,31-12-2021,Q4-2021,2021,4,client_assets_4_2021.xlsx,218764,284945,503709,3812032.0,356.74,1337.86,1854.37,105297.92,3.34,140.34,529.37,1353.38,4.67,11.13,796886.75
"Тюменская область, в т.ч. Ханты-Мансийский автономный округ - Югра, Ямало-Ненецкий автономный округ",766991.0,321282785.48187,33440.0,40340134.33134,31-03-2022,Q1-2022,2022,1,client_assets_1_2022.xlsx,216180,289567,505747,3830000.0,321.28,1516.55,2089.9,94418.52,3.31,158.27,418.89,1206.34,4.18,11.16,715027.32
"Тюменская область, в т.ч. Ханты-Мансийский автономный округ - Югра, Ямало-Ненецкий автономный округ",838864.0,359639329.01597,33077.0,34247447.14084,30-06-2022,Q2-2022,2022,2,client_assets_2_2022.xlsx,215039,292538,507577,3830000.0,359.64,1652.68,2276.61,102842.5,3.28,171.78,428.72,1035.39,3.79,8.69,776013.84
"Тюменская область, в т.ч. Ханты-Мансийский автономный округ - Югра, Ямало-Ненецкий автономный округ",890162.0,324756709.61266,32821.0,34641426.17873,30-09-2022,Q3-2022,2022,3,client_assets_3_2022.xlsx,214089,295547,509636,3830000.0,324.76,1746.66,2409.88,93837.63,3.26,181.11,364.83,1055.47,3.56,9.64,705205.55
"Тюменская область, в т.ч. Ханты-Мансийский автономный округ - Югра, Ямало-Ненецкий автономный округ",942987.0,333530465.998185,31818.0,39415089.23109,31-12-2022,Q4-2022,2022,4,client_assets_4_2022.xlsx,213032,298581,511613,3830000.0,333.53,1843.16,2545.18,97374.82,3.24,190.54,353.7,1238.77,3.26,10.57,728960.28
"Тюменская область, в т.ч. Ханты-Мансийский автономный округ - Югра, Ямало-Ненецкий автономный округ",995874.0,365395326.678147,30384.0,41091757.07135,31-03-2023,Q1-2023,2023,1,client_assets_1_2023.xlsx,212565,300341,512906,3842000.0,365.4,1941.63,2671.16,105800.91,3.21,200.09,366.91,1352.41,2.96,10.11,792517.7
"Тюменская область, в т.ч. Ханты-Мансийский автономный округ - Югра, Ямало-Ненецкий автономный округ",1061339.0,368318677.406587,30016.0,44844456.7473873,30-06-2023,Q2-2023,2023,2,client_assets_2_2023.xlsx,213671,307535,521206,3842000.0,368.32,2036.31,2840.59,107538.56,3.2,209.39,347.03,1494.02,2.75,10.85,792706.02
"Тюменская область, в т.ч. Ханты-Мансийский автономный округ - Югра, Ямало-Ненецкий автономный округ",1130905.0,386333317.39675,29526.0,47599850.89705,30-09-2023,Q3-2023,2023,3,client_assets_3_2023.xlsx,213513,314864,528377,3842000.0,386.33,2140.34,3020.38,112944.6,3.19,219.62,341.61,1612.13,2.54,10.97,821256.73
"Тюменская область, в т.ч. Ханты-Мансийский автономный округ - Югра, Ямало-Ненецкий автономный округ",1239330.0,321311659.58659,28647.0,46284708.64831,31-12-2023,Q4-2023,2023,4,client_assets_4_2023.xlsx,212489,322641,535130,3842000.0,321.31,2315.94,3300.3,95678.39,3.19,236.95,259.26,1615.69,2.26,12.59,686929.1
"Тюменская область, в т.ч. Ханты-Мансийский автономный округ - Югра, Ямало-Ненецкий автономный округ",1290398.0,330890106.90206,27901.0,45241666.48934,31-03-2024,Q1-2024,2024,1,client_assets_1_2024.xlsx,211572,327025,538597,3845000.0,330.89,2395.85,3428.61,97823.61,3.16,244.77,256.42,1621.51,2.12,12.03,698354.75
"Тюменская область, в т.ч. Ханты-Мансийский автономный округ - Югра, Ямало-Ненецкий автономный округ",1333990.0,328670199.76795,27570.0,40567120.435499996,30-06-2024,Q2-2024,2024,2,client_assets_2_2024.xlsx,210352,333948,544300,3845000.0,328.67,2450.84,3541.12,96030.51,3.13,250.15,246.38,1471.42,2.02,10.99,678370.97
"Тюменская область, в т.ч. Ханты-Мансийский автономный округ - Югра, Ямало-Ненецкий автономный округ",1396546.0,322507144.46035004,27122.0,41323892.09242003,30-09-2024,Q3-2024,2024,3,client_assets_3_2024.xlsx,209560,341067,550627,3845000.0,322.51,2536.28,3702.65,94624.46,3.11,258.55,230.93,1523.63,1.91,11.36,660757.71
"Тюменская область, в т.ч. Ханты-Мансийский автономный округ - Югра, Ямало-Ненецкий автономный округ",1457085.0,262038194.30099,26212.0,43171225.60164,31-12-2024,Q4-2024,2024,4,client_assets_4_2024.xlsx,208938,347395,556333,3845000.0,262.04,2619.09,3857.73,79378.26,3.09,266.62,179.84,1647.0,1.77,14.14,548609.23
"Тюменская область, в т.ч. Ханты-Мансийский автономный округ - Югра, Ямало-Ненецкий автономный округ",1506571.0,186814514.18049002,25512.0,41658389.60365997,31-03-2025,Q1-2025,2025,1,client_assets_1_2025.xlsx,208346,349176,557522,3931696.0,186.81,2702.26,3896.75,58110.52,3.08,274.8,124.0,1632.89,1.67,18.23,409800.7
"Тюменская область, в т.ч. Ханты-Мансийский автономный округ - Югра, Ямало-Ненецкий автономный округ",1557323.0,222484604.55084,25433.0,41304847.57432,30-06-2025,Q2-2025,2025,2,client_assets_2_2025.xlsx,207191,353686,560877,3931696.0,222.48,2776.59,4025.63,67093.04,3.08,282.19,142.86,1624.07,1.61,15.66,470316.04
"Тюменская область, в т.ч. Ханты-Мансийский автономный округ - Югра, Ямало-Ненецкий автономный округ",1624887.0,406196042.77061,25334.0,42775723.76565,30-09-2025,Q3-2025,2025,3,client_assets_3_2025.xlsx,206031,360205,566236,3931696.0,406.2,2869.63,4197.22,114192.9,3.08,291.44,249.98,1688.47,1.54,9.53,792905.73
УРАЛЬСКИЙ ФЕДЕРАЛЬНЫЙ ОКРУГ,1636700.0,700313520.20093,64653.0,91751769.59265,30-09-2021,Q3-2021,2021,3,client_assets_3_2021.xlsx,820533,892446,1712979,12302503.0,700.31,955.47,1382.93,64382.45,9.57,99.32,427.88,1419.14,3.8,11.58,462390.54
УРАЛЬСКИЙ ФЕДЕРАЛЬНЫЙ ОКРУГ,1924014.0,707555101.329,84791.0,94662682.46243,31-12-2021,Q4-2021,2021,4,client_assets_4_2021.xlsx,811669,914388,1726057,12302503.0,707.56,1114.69,1632.84,65207.69,9.54,116.38,367.75,1116.42,4.22,11.8,464769.0
УРАЛЬСКИЙ ФЕДЕРАЛЬНЫЙ ОКРУГ,2207374.0,606747567.0698,88216.0,84538799.14068,31-03-2022,Q1-2022,2022,1,client_assets_1_2022.xlsx,802455,928986,1731441,12300000.0,606.75,1274.88,1866.33,56202.14,9.54,132.58,274.87,958.32,3.84,12.23,399254.94
УРАЛЬСКИЙ ФЕДЕРАЛЬНЫЙ ОКРУГ,2432923.0,600133761.61359,88755.0,73325613.06083,30-06-2022,Q2-2022,2022,2,client_assets_2_2022.xlsx,800498,937753,1738251,12300000.0,600.13,1399.64,2050.14,54752.79,9.51,145.07,246.67,826.16,3.52,10.89,387435.06
УРАЛЬСКИЙ ФЕДЕРАЛЬНЫЙ ОКРУГ,2596717.0,565946959.605577,89286.0,74709012.65267,30-09-2022,Q3-2022,2022,3,client_assets_3_2022.xlsx,800355,946249,1746604,12300000.0,565.95,1486.72,2183.74,52085.85,9.52,153.78,217.95,836.74,3.32,11.66,366800.93
УРАЛЬСКИЙ ФЕДЕРАЛЬНЫЙ ОКРУГ,2767762.0,607925864.867674,87261.0,85213888.00724,31-12-2022,Q4-2022,2022,4,client_assets_4_2022.xlsx,801039,955279,1756318,12300000.0,607.93,1575.89,2321.16,56352.83,9.5,162.56,219.65,976.54,3.06,12.29,394655.04
УРАЛЬСКИЙ ФЕДЕРАЛЬНЫЙ ОКРУГ,2942678.0,687649820.271925,84791.0,91340096.02793,31-03-2023,Q1-2023,2023,1,client_assets_1_2023.xlsx,802339,960714,1763053,12271900.0,687.65,1669.08,2466.99,63477.53,9.49,171.72,233.68,1077.24,2.8,11.73,441841.46
УРАЛЬСКИЙ ФЕДЕРАЛЬНЫЙ ОКРУГ,3161278.0,730858803.487204,84592.0,101330008.643972,30-06-2023,Q2-2023,2023,2,client_assets_2_2023.xlsx,807004,982993,1789997,12271900.0,730.86,1766.08,2644.96,67812.55,9.52,181.33,231.19,1197.87,2.61,12.18,464910.73
УРАЛЬСКИЙ ФЕДЕРАЛЬНЫЙ ОКРУГ,3389668.0,812264457.96246,84511.0,111012079.08413,30-09-2023,Q3-2023,2023,3,client_assets_3_2023.xlsx,804671,1004756,1809427,12271900.0,812.26,1873.34,2831.0,75235.01,9.55,192.0,239.63,1313.58,2.43,12.02,510259.07
УРАЛЬСКИЙ ФЕДЕРАЛЬНЫЙ ОКРУГ,3728587.0,750144130.63493,82848.0,108601016.17252,31-12-2023,Q4-2023,2023,4,client_assets_4_2023.xlsx,792717,1025658,1818375,12271900.0,750.14,2050.5,3105.82,69976.54,9.58,209.61,201.19,1310.85,2.17,12.65,472259.65
УРАЛЬСКИЙ ФЕДЕРАЛЬНЫЙ ОКРУГ,3903717.0,791492016.83206,81039.0,107245320.4887,31-03-2024,Q1-2024,2024,1,client_assets_1_2024.xlsx,787515,1039178,1826693,12260711.0,791.49,2137.04,3250.02,73302.22,9.57,218.14,202.75,1323.38,2.03,11.93,492002.4
УРАЛЬСКИЙ ФЕДЕРАЛЬНЫЙ ОКРУГ,4059817.0,766635505.59146,80305.0,99688408.24464001,30-06-2024,Q2-2024,2024,2,client_assets_2_2024.xlsx,785257,1059665,1844922,12260711.0,766.64,2200.54,3376.74,70658.54,9.52,224.41,188.83,1241.37,1.94,11.51,469572.11
УРАЛЬСКИЙ ФЕДЕРАЛЬНЫЙ ОКРУГ,4267674.0,779072112.06288,79361.0,104407382.17740007,30-09-2024,Q3-2024,2024,3,client_assets_3_2024.xlsx,783425,1081640,1865065,12260711.0,779.07,2288.22,3545.5,72057.77,9.5,233.08,182.55,1315.6,1.83,11.82,473699.04
УРАЛЬСКИЙ ФЕДЕРАЛЬНЫЙ ОКРУГ,4458097.0,746026051.82737,76999.0,115236199.03687,31-12-2024,Q4-2024,2024,4,client_assets_4_2024.xlsx,781213,1101335,1882548,12260711.0,746.03,2368.12,3698.88,70245.7,9.45,240.9,167.34,1496.59,1.7,13.38,457498.16
УРАЛЬСКИЙ ФЕДЕРАЛЬНЫЙ ОКРУГ,4610499.0,678721113.1435401,75039.0,106880604.56450996,31-03-2025,Q1-2025,2025,1,client_assets_1_2025.xlsx,778728,1108423,1887151,12302503.0,678.72,2443.1,3808.61,63857.06,9.43,248.29,147.21,1424.33,1.6,13.6,416289.8
УРАЛЬСКИЙ ФЕДЕРАЛЬНЫЙ ОКРУГ,4761752.0,739111096.5600824,74670.0,108273599.76916997,30-06-2025,Q2-2025,2025,2,client_assets_2_2025.xlsx,772341,1123425,1895766,12302503.0,739.11,2511.78,3931.25,68879.05,9.41,255.12,155.22,1450.03,1.54,12.78,446988.02
УРАЛЬСКИЙ ФЕДЕРАЛЬНЫЙ ОКРУГ,4963613.0,955589971.672415,74625.0,113884115.17932,30-09-2025,Q3-2025,2025,3,client_assets_3_2025.xlsx,768233,1145993,1914226,12302503.0,955.59,2593.01,4095.3,86931.42,9.4,263.2,192.52,1526.09,1.48,10.65,558697.92
ЦЕНТРАЛЬНЫЙ ФЕДЕРАЛЬНЫЙ ОКРУГ,4935169.0,11002699449.9444,261383.0,1126713341.02087,30-09-2021,Q3-2021,2021,3,client_assets_3_2021.xlsx,3413583,3168267,6581850,40319531.0,11002.7,749.81,1288.84,300832.19,28.84,78.95,2229.45,4310.58,5.03,9.29,1842857.68
ЦЕНТРАЛЬНЫЙ ФЕДЕРАЛЬНЫЙ ОКРУГ,5743171.0,11069439876.3809,296121.0,1154033137.94787,31-12-2021,Q4-2021,2021,4,client_assets_4_2021.xlsx,3342054,3272491,6614545,40319531.0,11069.44,868.26,1497.86,303165.06,28.49,91.3,1927.41,3897.17,4.9,9.44,1847968.83
ЦЕНТРАЛЬНЫЙ ФЕДЕРАЛЬНЫЙ ОКРУГ,6576877.0,9118046589.66221,300177.0,1009791090.88806,31-03-2022,Q1-2022,2022,1,client_assets_1_2022.xlsx,3289364,3347570,6636934,40250000.0,9118.05,990.95,1708.58,251623.3,28.43,103.62,1386.38,3363.99,4.36,9.97,1525981.38
ЦЕНТРАЛЬНЫЙ ФЕДЕРАЛЬНЫЙ ОКРУГ,7278622.0,8765698215.23874,295970.0,915191013.1823,30-06-2022,Q2-2022,2022,2,client_assets_2_2022.xlsx,3281235,3396912,6678147,40250000.0,8765.7,1089.92,1881.89,240518.99,28.46,113.42,1204.31,3092.17,3.91,9.45,1449637.04
ЦЕНТРАЛЬНЫЙ ФЕДЕРАЛЬНЫЙ ОКРУГ,7722559.0,8834232457.10148,290300.0,1057404610.10693,30-09-2022,Q3-2022,2022,3,client_assets_3_2022.xlsx,3270050,3448926,6718976,40250000.0,8834.23,1149.37,1990.77,245754.96,28.32,119.26,1143.95,3642.45,3.62,10.69,1472194.14
ЦЕНТРАЛЬНЫЙ ФЕДЕРАЛЬНЫЙ ОКРУГ,8201057.0,9994183649.81196,278749.0,1205804364.84119,31-12-2022,Q4-2022,2022,4,client_assets_4_2022.xlsx,3297799,3480369,6778168,40250000.0,9994.18,1209.92,2106.78,278260.57,28.15,125.1,1218.65,4325.77,3.29,10.77,1652362.12
ЦЕНТРАЛЬНЫЙ ФЕДЕРАЛЬНЫЙ ОКРУГ,8675203.0,11464736640.2387,266312.0,1259763271.32366,31-03-2023,Q1-2023,2023,1,client_assets_1_2023.xlsx,3349675,3510551,6860226,40200000.0,11464.74,1264.57,2224.26,316529.85,27.99,130.34,1321.55,4730.4,2.98,9.9,1854822.26
ЦЕНТРАЛЬНЫЙ ФЕДЕРАЛЬНЫЙ ОКРУГ,9179819.0,12651903607.6277,264996.0,1408975803.85725,30-06-2023,Q2-2023,2023,2,client_assets_2_2023.xlsx,3395694,3600495,6996189,40200000.0,12651.9,1312.12,2349.46,349773.12,27.65,135.0,1378.23,5316.97,2.81,10.02,2009791.25
ЦЕНТРАЛЬНЫЙ ФЕДЕРАЛЬНЫЙ ОКРУГ,9756199.0,13981733516.9041,264863.0,1575878933.50621,30-09-2023,Q3-2023,2023,3,client_assets_3_2023.xlsx,3385408,3680234,7065642,40200000.0,13981.73,1380.79,2492.8,387005.28,27.49,141.83,1433.11,5949.79,2.64,10.13,2201868.2
ЦЕНТРАЛЬНЫЙ ФЕДЕРАЛЬНЫЙ ОКРУГ,10625921.0,14441201599.5237,256108.0,1617559844.07291,31-12-2023,Q4-2023,2023,4,client_assets_4_2023.xlsx,3367120,3750355,7117475,40200000.0,14441.2,1492.93,2706.97,399471.68,27.31,152.89,1359.05,6315.93,2.35,10.07,2256244.17
ЦЕНТРАЛЬНЫЙ ФЕДЕРАЛЬНЫЙ ОКРУГ,11083848.0,14873562693.152,247056.0,1703556205.09936,31-03-2024,Q1-2024,2024,1,client_assets_1_2024.xlsx,3397420,3794571,7191991,40219456.0,14873.56,1541.14,2817.27,412166.66,27.17,157.55,1341.91,6895.43,2.18,10.28,2304941.55
ЦЕНТРАЛЬНЫЙ ФЕДЕРАЛЬНЫЙ ОКРУГ,11520824.0,14392712687.31839,245644.0,1718967412.4292605,30-06-2024,Q2-2024,2024,2,client_assets_2_2024.xlsx,3412094,3868228,7280322,40219456.0,14392.71,1582.46,2925.57,400594.18,27.02,161.62,1249.28,6997.8,2.09,10.67,2213044.99
ЦЕНТРАЛЬНЫЙ ФЕДЕРАЛЬНЫЙ ОКРУГ,12017795.0,14810993293.118881,243191.0,1727900906.8542695,30-09-2024,Q3-2024,2024,3,client_assets_3_2024.xlsx,3416672,3942503,7359175,40219456.0,14810.99,1633.04,3048.52,411216.26,26.76,166.61,1232.42,7105.12,1.98,10.45,2247384.28
ЦЕНТРАЛЬНЫЙ ФЕДЕРАЛЬНЫЙ ОКРУГ,12564823.0,15663402715.3085,241117.0,1876231982.08098,31-12-2024,Q4-2024,2024,4,client_assets_4_2024.xlsx,3429810,4001208,7431018,40219456.0,15663.4,1690.86,3184.02,436098.26,26.65,172.33,1246.61,7781.42,1.88,10.7,2360327.31
ЦЕНТРАЛЬНЫЙ ФЕДЕРАЛЬНЫЙ ОКРУГ,12982544.0,16366882547.881048,236662.0,1916166129.27668,31-03-2025,Q1-2025,2025,1,client_assets_1_2025.xlsx,3419235,4020587,7439822,40319531.0,16366.88,1745.01,3278.61,453453.9,26.55,177.68,1260.68,8096.64,1.79,10.48,2457457.81
ЦЕНТРАЛЬНЫЙ ФЕДЕРАЛЬНЫЙ ОКРУГ,13385413.0,17144193334.428864,235840.0,1993063692.8422725,30-06-2025,Q2-2025,2025,2,client_assets_2_2025.xlsx,3367260,4079238,7446498,40319531.0,17144.19,1797.54,3378.33,474639.87,26.46,182.92,1280.81,8450.91,1.73,10.41,2569967.39
ЦЕНТРАЛЬНЫЙ ФЕДЕРАЛЬНЫЙ ОКРУГ,13960659.0,18021691396.6496,236877.0,2141377184.88339,30-09-2025,Q3-2025,2025,3,client_assets_3_2025.xlsx,3336294,4167518,7503812,40319531.0,18021.69,1860.48,3521.26,500081.92,26.43,189.2,1290.89,9040.04,1.67,10.62,2687043.41
Челябинская область,424422.0,125962564.05022,12772.0,20061981.01873,30-09-2021,Q3-2021,2021,3,client_assets_3_2021.xlsx,217882,239605,457487,3433528.0,125.96,927.72,1273.31,42529.01,2.48,95.56,296.79,1570.78,2.92,13.74,319188.4
Челябинская область,502523.0,128180152.33252,18203.0,21201509.83189,31-12-2021,Q4-2021,2021,4,client_assets_4_2021.xlsx,216252,244964,461216,3433528.0,128.18,1089.56,1516.59,43506.76,2.49,112.9,255.07,1164.73,3.5,14.19,323886.56
Челябинская область,581013.0,108860340.51431,19323.0,18179019.02133,31-03-2022,Q1-2022,2022,1,client_assets_1_2022.xlsx,214189,248233,462422,3420000.0,108.86,1256.46,1755.37,37146.01,2.51,129.82,187.36,940.8,3.22,14.31,274726.03
Челябинская область,643169.0,92009556.88667,19616.0,17457629.36058,30-06-2022,Q2-2022,2022,2,client_assets_2_2022.xlsx,213846,250088,463934,3420000.0,92.01,1386.34,1937.97,32007.95,2.51,142.86,143.06,889.97,2.96,15.95,235954.22
Челябинская область,688754.0,94568770.752323,19786.0,15385356.53913,30-09-2022,Q3-2022,2022,3,client_assets_3_2022.xlsx,214170,251563,465733,3420000.0,94.57,1478.86,2071.75,32150.33,2.53,152.13,137.3,777.59,2.79,13.99,236088.33
Челябинская область,735312.0,112311487.246603,19443.0,14994961.75315,31-12-2022,Q4-2022,2022,4,client_assets_4_2022.xlsx,214830,253354,468184,3420000.0,112.31,1570.56,2206.89,37224.11,2.52,161.21,152.74,771.23,2.58,11.78,271915.42
Челябинская область,784439.0,129495050.167464,19135.0,16741907.16775,31-03-2023,Q1-2023,2023,1,client_assets_1_2023.xlsx,215928,254687,470615,3400000.0,129.5,1666.84,2363.45,43010.87,2.53,170.75,165.08,874.94,2.38,11.45,310735.86
Челябинская область,845820.0,144381984.902845,19367.0,19063835.6573312,30-06-2023,Q2-2023,2023,2,client_assets_2_2023.xlsx,217531,260780,478311,3400000.0,144.38,1768.35,2544.67,48072.3,2.55,180.88,170.7,984.35,2.24,11.66,341714.53
Челябинская область,908090.0,160933908.37944,19584.0,21134746.7015,30-09-2023,Q3-2023,2023,3,client_assets_3_2023.xlsx,216260,266099,482359,3400000.0,160.93,1882.6,2728.45,53549.6,2.56,192.32,177.22,1079.18,2.11,11.61,377454.67
Челябинская область,1000239.0,171048284.084,19232.0,20379566.98671,31-12-2023,Q4-2023,2023,4,client_assets_4_2023.xlsx,211949,270769,482718,3400000.0,171.05,2072.1,2998.44,56302.31,2.57,211.19,171.01,1059.67,1.89,10.65,396562.49
Челябинская область,1049606.0,184732545.98985,18767.0,21447823.51172,31-03-2024,Q1-2024,2024,1,client_assets_1_2024.xlsx,210627,273845,484472,3390000.0,184.73,2166.49,3151.54,60820.17,2.57,220.52,176.0,1142.85,1.76,10.4,425577.47
Челябинская область,1094810.0,178416084.66462994,18698.0,20394231.97327001,30-06-2024,Q2-2024,2024,2,client_assets_2_2024.xlsx,209963,279268,489231,3390000.0,178.42,2237.82,3284.68,58646.11,2.57,227.6,162.97,1090.72,1.68,10.26,406373.1
Челябинская область,1154091.0,171596534.02650994,18500.0,21480421.27325001,30-09-2024,Q3-2024,2024,3,client_assets_3_2024.xlsx,209308,285184,494492,3390000.0,171.6,2333.89,3458.97,56954.85,2.57,237.13,148.69,1161.1,1.58,11.13,390455.16
Челябинская область,1205652.0,178138658.68161,18194.0,24383394.14255,31-12-2024,Q4-2024,2024,4,client_assets_4_2024.xlsx,208253,290429,498682,3390000.0,178.14,2417.68,3610.17,59741.02,2.56,245.42,147.75,1340.19,1.49,12.04,406114.62
Челябинская область,1248346.0,177334680.93963012,17648.0,20804478.416590013,31-03-2025,Q1-2025,2025,1,client_assets_1_2025.xlsx,207635,292196,499831,3385124.0,177.33,2497.54,3739.87,58532.32,2.55,253.28,142.06,1178.86,1.39,10.5,396412.31
Челябинская область,1290202.0,182530746.3449,17596.0,21244041.141799975,30-06-2025,Q2-2025,2025,2,client_assets_2_2025.xlsx,204663,296822,501485,3385124.0,182.53,2572.76,3863.37,60197.14,2.55,260.79,141.47,1207.32,1.35,10.43,406342.74
Челябинская область,1345034.0,189208185.271225,17716.0,23237719.19845,30-09-2025,Q3-2025,2025,3,client_assets_3_2025.xlsx,203066,303442,506508,3385124.0,189.21,2655.5,4025.7,62758.68,2.55,269.05,140.67,1311.68,1.3,10.94,419432.48
ЮЖНЫЙ ФЕДЕРАЛЬНЫЙ ОКРУГ,1575244.0,595255827.69757,46066.0,53006548.69969,30-09-2021,Q3-2021,2021,3,client_assets_3_2021.xlsx,826126,1534425,2360551,16737900.0,595.26,667.32,968.65,38730.21,9.21,68.68,377.88,1150.67,2.84,8.18,274623.33
ЮЖНЫЙ ФЕДЕРАЛЬНЫЙ ОКРУГ,1883177.0,636134466.97204,63335.0,53077728.63423,31-12-2021,Q4-2021,2021,4,client_assets_4_2021.xlsx,816730,1551754,2368484,16737900.0,636.13,795.1,1162.94,41176.74,9.34,82.18,337.8,838.05,3.25,7.7,290992.97
ЮЖНЫЙ ФЕДЕРАЛЬНЫЙ ОКРУГ,2195743.0,454101482.94554,67374.0,47665414.28032,31-03-2022,Q1-2022,2022,1,client_assets_1_2022.xlsx,801851,1567473,2369324,16737900.0,454.1,926.74,1352.09,29977.89,9.49,95.52,206.81,707.47,2.98,9.5,211776.4
ЮЖНЫЙ ФЕДЕРАЛЬНЫЙ ОКРУГ,2420617.0,445726258.22449,68815.0,38009768.77748,30-06-2022,Q2-2022,2022,2,client_assets_2_2022.xlsx,795510,1582690,2378200,16737900.0,445.73,1017.84,1487.3,28900.64,9.46,104.68,184.14,552.35,2.76,7.86,203404.27
ЮЖНЫЙ ФЕДЕРАЛЬНЫЙ ОКРУГ,2595233.0,355964561.358861,68972.0,39262045.33054,30-09-2022,Q3-2022,2022,3,client_assets_3_2022.xlsx,787239,1596805,2384044,16737900.0,355.96,1088.58,1591.72,23612.68,9.52,111.75,137.16,569.25,2.59,9.93,165779.91
ЮЖНЫЙ ФЕДЕРАЛЬНЫЙ ОКРУГ,2801063.0,387723837.402056,67650.0,45778487.28633,31-12-2022,Q4-2022,2022,4,client_assets_4_2022.xlsx,782888,1595264,2378152,16737900.0,387.72,1177.83,1713.9,25899.45,9.61,120.63,138.42,676.7,2.36,10.56,182285.37
ЮЖНЫЙ ФЕДЕРАЛЬНЫЙ ОКРУГ,3000062.0,440843859.672079,66203.0,49541736.97849,31-03-2023,Q1-2023,2023,1,client_assets_1_2023.xlsx,783337,1605034,2388371,16642052.0,440.84,1256.11,1842.48,29466.65,9.68,128.38,146.94,748.33,2.16,10.1,205322.2
ЮЖНЫЙ ФЕДЕРАЛЬНЫЙ ОКРУГ,3237471.0,514867638.463164,66098.0,54957697.8647747,30-06-2023,Q2-2023,2023,2,client_assets_2_2023.xlsx,787420,1647765,2435185,16642052.0,514.87,1329.46,1985.07,34240.09,9.75,135.66,159.03,831.46,2.0,9.64,233996.73
ЮЖНЫЙ ФЕДЕРАЛЬНЫЙ ОКРУГ,3479951.0,669890729.38714,66373.0,60092592.79035,30-09-2023,Q3-2023,2023,3,client_assets_3_2023.xlsx,781196,1684862,2466058,16642052.0,669.89,1411.14,2130.94,43863.78,9.8,143.81,192.5,905.38,1.87,8.23,296012.23
ЮЖНЫЙ ФЕДЕРАЛЬНЫЙ ОКРУГ,3855095.0,692700195.1319,65949.0,60400401.22339,31-12-2023,Q4-2023,2023,4,client_assets_4_2023.xlsx,773511,1708334,2481845,16642052.0,692.7,1553.32,2356.11,45252.87,9.91,157.99,179.68,915.87,1.68,8.02,303443.85
ЮЖНЫЙ ФЕДЕРАЛЬНЫЙ ОКРУГ,4094543.0,715862156.87054,64644.0,63283283.60159,31-03-2024,Q1-2024,2024,1,client_assets_1_2024.xlsx,772570,1729589,2502159,16600000.0,715.86,1636.4,2505.53,46936.47,10.04,166.22,174.83,978.95,1.55,8.12,311389.26
ЮЖНЫЙ ФЕДЕРАЛЬНЫЙ ОКРУГ,4367103.0,678849957.60125,64388.0,61100387.50499001,30-06-2024,Q2-2024,2024,2,client_assets_2_2024.xlsx,773750,1769593,2543343,16600000.0,678.85,1717.07,2669.57,44575.32,10.24,174.24,155.45,948.94,1.45,8.26,290936.12
ЮЖНЫЙ ФЕДЕРАЛЬНЫЙ ОКРУГ,4669266.0,678530333.3297498,63800.0,66048619.273570016,30-09-2024,Q3-2024,2024,3,client_assets_3_2024.xlsx,773723,1803050,2576773,16600000.0,678.53,1812.06,2851.24,44854.15,10.4,183.68,145.32,1035.24,1.35,8.87,288957.91
ЮЖНЫЙ ФЕДЕРАЛЬНЫЙ ОКРУГ,4959740.0,700706871.40295,62569.0,66540510.26807,31-12-2024,Q4-2024,2024,4,client_assets_4_2024.xlsx,773710,1818512,2592222,16600000.0,700.71,1913.32,3025.49,46219.72,10.52,193.75,141.28,1063.47,1.25,8.67,295980.58
ЮЖНЫЙ ФЕДЕРАЛЬНЫЙ ОКРУГ,5182740.0,650797501.3635602,61149.0,68843431.10579997,31-03-2025,Q1-2025,2025,1,client_assets_1_2025.xlsx,771986,1828029,2600015,16737900.0,650.8,1993.35,3132.94,42994.7,10.6,201.69,125.57,1125.83,1.17,9.57,276783.38
ЮЖНЫЙ ФЕДЕРАЛЬНЫЙ ОКРУГ,5398037.0,711934418.36964,61003.0,78501960.91046998,30-06-2025,Q2-2025,2025,2,client_assets_2_2025.xlsx,771984,1862182,2634166,16737900.0,711.93,2049.24,3261.48,47224.35,10.67,207.24,131.89,1286.85,1.12,9.93,300070.83
ЮЖНЫЙ ФЕДЕРАЛЬНЫЙ ОКРУГ,5670424.0,724167026.25713,61217.0,106719288.45054,30-09-2025,Q3-2025,2025,3,client_assets_3_2025.xlsx,770521,1898994,2669515,16737900.0,724.17,2124.14,3424.35,49641.01,10.73,214.71,127.71,1743.29,1.07,12.84,311249.91
